Email,Password
qmccullough@example.com,password123
jones.terrill@example.net,password123
rogahn.kayleigh@example.com,password123
sauer.sebastian@example.com,password123
elenor.hintz@example.net,password123
kaci.cartwright@example.com,password123
towne.marta@example.org,password123
norene80@example.net,password123
dannie47@example.org,password123
kamille65@example.net,password123
ignacio60@example.net,password123
jaclyn94@example.org,password123
lnader@example.net,password123
drice@example.net,password123
tdaugherty@example.net,password123
paolo50@example.net,password123
barrows.maye@example.net,password123
winifred72@example.com,password123
coleman40@example.net,password123
edwardo.ward@example.com,password123
btreutel@example.org,password123
valentina.harvey@example.net,password123
emmitt31@example.org,password123
hupton@example.com,password123
johnston.kenya@example.com,password123
josianne.breitenberg@example.com,password123
uzulauf@example.com,password123
fhudson@example.org,password123
delilah.kirlin@example.net,password123
reggie.fadel@example.net,password123
dschaden@example.org,password123
dsenger@example.com,password123
kbergnaum@example.com,password123
gbeer@example.net,password123
qlangworth@example.net,password123
lauretta67@example.com,password123
marcellus67@example.com,password123
aglae68@example.org,password123
derick.wiegand@example.net,password123
margarete21@example.com,password123
albertha30@example.net,password123
ymitchell@example.org,password123
mills.chadrick@example.net,password123
mathilde.vandervort@example.com,password123
romaine.schoen@example.org,password123
rylee81@example.org,password123
jarod.bergnaum@example.net,password123
verna03@example.org,password123
ora96@example.org,password123
jacobs.stella@example.net,password123
elda.schmitt@example.com,password123
praynor@example.net,password123
farrell.archibald@example.org,password123
marjory.zboncak@example.com,password123
johanna17@example.com,password123
mohr.demond@example.net,password123
carlos95@example.net,password123
pgaylord@example.net,password123
wvandervort@example.net,password123
omohr@example.net,password123
krajcik.wilson@example.net,password123
aurelia.howell@example.com,password123
okuneva.kristian@example.org,password123
romaine02@example.org,password123
wolf.theresa@example.net,password123
steve.pfannerstill@example.net,password123
foconnell@example.org,password123
octavia.kozey@example.org,password123
nheathcote@example.com,password123
qrunolfsson@example.net,password123
wintheiser.micah@example.com,password123
cormier.elbert@example.com,password123
jany.white@example.org,password123
vmills@example.net,password123
dereck.aufderhar@example.org,password123
webster.jenkins@example.net,password123
paucek.merlin@example.com,password123
krista.dach@example.com,password123
cheyenne.mcdermott@example.com,password123
roberts.julien@example.com,password123
elian.glover@example.org,password123
larkin.heaven@example.com,password123
lurline.rice@example.org,password123
vada.dach@example.com,password123
bailey.shawna@example.com,password123
gwen77@example.com,password123
sigurd.kub@example.net,password123
towne.victor@example.org,password123
josiane.kertzmann@example.net,password123
cortez80@example.com,password123
jason.pfannerstill@example.net,password123
athiel@example.org,password123
reginald.toy@example.com,password123
maye18@example.net,password123
cassie.okuneva@example.net,password123
sandy31@example.net,password123
nathanial76@example.net,password123
stiedemann.dortha@example.net,password123
magnolia51@example.net,password123
zoie08@example.com,password123
